{
  "otimista": {
    "f1": 0.8929663608562691,
    "precision": 0.8111111111111111,
    "recall": 0.9931972789115646,
    "thr": 0.23575713323247494
  },
  "pessimista": {
    "f1": 0.41005802707930367,
    "precision": 0.3569023569023569,
    "recall": 0.4818181818181818,
    "thr": 0.5051489609074871
  }
}